year,county,total_incidents
2003,Cavan,5162.0
2003,Clare,3826.0
2003,Cork,22324.0
2003,Donegal,7073.0
2003,Dublin,6347.0
2003,Galway,8876.0
2003,Kerry,5274.0
2003,Kildare,8477.0
2003,Kilkenny,5567.0
2003,Laois,5221.0
2003,Limerick,11128.0
2003,Louth,6336.0
2003,Mayo,4452.0
2003,Meath,4084.0
2003,Roscommon,3140.0
2003,Sligo,3917.0
2003,Tipperary,5300.0
2003,Waterford,7860.0
2003,Westmeath,4160.0
2003,Wexford,4707.0
2003,Wicklow,6116.0
2004,Cavan,5612.0
2004,Clare,3787.0
2004,Cork,23109.0
2004,Donegal,6805.0
2004,Dublin,6654.0
2004,Galway,8513.0
2004,Kerry,5198.0
2004,Kildare,8200.0
2004,Kilkenny,5794.0
2004,Laois,5256.0
2004,Limerick,11146.0
2004,Louth,6110.0
2004,Mayo,3715.0
2004,Meath,4668.0
2004,Roscommon,3082.0
2004,Sligo,3554.0
2004,Tipperary,5977.0
2004,Waterford,7277.0
2004,Westmeath,4190.0
2004,Wexford,4828.0
2004,Wicklow,6343.0
2005,Cavan,6287.0
2005,Clare,4321.0
2005,Cork,25546.0
2005,Donegal,7737.0
2005,Dublin,7104.0
2005,Galway,10081.0
2005,Kerry,6139.0
2005,Kildare,8584.0
2005,Kilkenny,6147.0
2005,Laois,6781.0
2005,Limerick,13721.0
2005,Louth,6922.0
2005,Mayo,3923.0
2005,Meath,5244.0
2005,Roscommon,3029.0
2005,Sligo,4388.0
2005,Tipperary,6390.0
2005,Waterford,7954.0
2005,Westmeath,4968.0
2005,Wexford,5544.0
2005,Wicklow,7239.0
2006,Cavan,6632.0
2006,Clare,4860.0
2006,Cork,26626.0
2006,Donegal,7855.0
2006,Dublin,7753.0
2006,Galway,11289.0
2006,Kerry,7252.0
2006,Kildare,8928.0
2006,Kilkenny,7286.0
2006,Laois,6432.0
2006,Limerick,14862.0
2006,Louth,7262.0
2006,Mayo,4572.0
2006,Meath,6335.0
2006,Roscommon,3718.0
2006,Sligo,4509.0
2006,Tipperary,7408.0
2006,Waterford,9119.0
2006,Westmeath,5444.0
2006,Wexford,6442.0
2006,Wicklow,7455.0
2007,Cavan,7126.0
2007,Clare,5528.0
2007,Cork,27526.0
2007,Donegal,8604.0
2007,Dublin,9056.0
2007,Galway,12176.0
2007,Kerry,7041.0
2007,Kildare,10656.0
2007,Kilkenny,7716.0
2007,Laois,7070.0
2007,Limerick,14753.0
2007,Louth,8473.0
2007,Mayo,4979.0
2007,Meath,6854.0
2007,Roscommon,4025.0
2007,Sligo,4878.0
2007,Tipperary,8073.0
2007,Waterford,9503.0
2007,Westmeath,5764.0
2007,Wexford,6715.0
2007,Wicklow,7844.0
2008,Cavan,6648.0
2008,Clare,6007.0
2008,Cork,29480.0
2008,Donegal,8876.0
2008,Dublin,9754.0
2008,Galway,12981.0
2008,Kerry,7045.0
2008,Kildare,10775.0
2008,Kilkenny,7767.0
2008,Laois,7362.0
2008,Limerick,15620.0
2008,Louth,9269.0
2008,Mayo,5118.0
2008,Meath,7170.0
2008,Roscommon,3832.0
2008,Sligo,4864.0
2008,Tipperary,7297.0
2008,Waterford,9293.0
2008,Westmeath,5480.0
2008,Wexford,6738.0
2008,Wicklow,8696.0
2009,Cavan,6026.0
2009,Clare,5470.0
2009,Cork,26849.0
2009,Donegal,7788.0
2009,Dublin,8992.0
2009,Galway,12506.0
2009,Kerry,6363.0
2009,Kildare,10059.0
2009,Kilkenny,8463.0
2009,Laois,7043.0
2009,Limerick,15230.0
2009,Louth,8763.0
2009,Mayo,4975.0
2009,Meath,7740.0
2009,Roscommon,3928.0
2009,Sligo,4425.0
2009,Tipperary,6882.0
2009,Waterford,8887.0
2009,Westmeath,5060.0
2009,Wexford,6881.0
2009,Wicklow,8867.0
2010,Cavan,6025.0
2010,Clare,5200.0
2010,Cork,24942.0
2010,Donegal,6662.0
2010,Dublin,8456.0
2010,Galway,11436.0
2010,Kerry,6738.0
2010,Kildare,9541.0
2010,Kilkenny,8423.0
2010,Laois,6769.0
2010,Limerick,14660.0
2010,Louth,8413.0
2010,Mayo,4466.0
2010,Meath,7050.0
2010,Roscommon,3535.0
2010,Sligo,3878.0
2010,Tipperary,6527.0
2010,Waterford,8112.0
2010,Westmeath,4977.0
2010,Wexford,6172.0
2010,Wicklow,8328.0
2011,Cavan,5686.0
2011,Clare,4287.0
2011,Cork,23813.0
2011,Donegal,6331.0
2011,Dublin,7981.0
2011,Galway,9772.0
2011,Kerry,5866.0
2011,Kildare,9893.0
2011,Kilkenny,7816.0
2011,Laois,6483.0
2011,Limerick,14134.0
2011,Louth,7325.0
2011,Mayo,4102.0
2011,Meath,6812.0
2011,Roscommon,3358.0
2011,Sligo,3700.0
2011,Tipperary,5995.0
2011,Waterford,7449.0
2011,Westmeath,4562.0
2011,Wexford,6649.0
2011,Wicklow,8114.0
2012,Cavan,5176.0
2012,Clare,3998.0
2012,Cork,21865.0
2012,Donegal,5361.0
2012,Dublin,7846.0
2012,Galway,9615.0
2012,Kerry,5496.0
2012,Kildare,8863.0
2012,Kilkenny,7039.0
2012,Laois,6218.0
2012,Limerick,12801.0
2012,Louth,7296.0
2012,Mayo,4129.0
2012,Meath,6477.0
2012,Roscommon,3322.0
2012,Sligo,3479.0
2012,Tipperary,5447.0
2012,Waterford,7192.0
2012,Westmeath,4550.0
2012,Wexford,6589.0
2012,Wicklow,7411.0
2013,Cavan,4319.0
2013,Clare,3867.0
2013,Cork,20463.0
2013,Donegal,4857.0
2013,Dublin,6968.0
2013,Galway,8600.0
2013,Kerry,5121.0
2013,Kildare,8164.0
2013,Kilkenny,6677.0
2013,Laois,6555.0
2013,Limerick,12221.0
2013,Louth,6539.0
2013,Mayo,3554.0
2013,Meath,5830.0
2013,Roscommon,3160.0
2013,Sligo,3427.0
2013,Tipperary,5424.0
2013,Waterford,6493.0
2013,Westmeath,4373.0
2013,Wexford,5676.0
2013,Wicklow,6731.0
2014,Cavan,4273.0
2014,Clare,3750.0
2014,Cork,19652.0
2014,Donegal,4794.0
2014,Dublin,7256.0
2014,Galway,8592.0
2014,Kerry,5140.0
2014,Kildare,7819.0
2014,Kilkenny,6319.0
2014,Laois,6392.0
2014,Limerick,11647.0
2014,Louth,6467.0
2014,Mayo,3242.0
2014,Meath,5911.0
2014,Roscommon,3020.0
2014,Sligo,3238.0
2014,Tipperary,5214.0
2014,Waterford,5961.0
2014,Westmeath,4160.0
2014,Wexford,5219.0
2014,Wicklow,6649.0
2015,Cavan,4416.0
2015,Clare,3947.0
2015,Cork,19099.0
2015,Donegal,4683.0
2015,Dublin,7657.0
2015,Galway,8527.0
2015,Kerry,5384.0
2015,Kildare,7323.0
2015,Kilkenny,5623.0
2015,Laois,6357.0
2015,Limerick,12088.0
2015,Louth,6588.0
2015,Mayo,3271.0
2015,Meath,5441.0
2015,Roscommon,2954.0
2015,Sligo,3125.0
2015,Tipperary,5096.0
2015,Waterford,6043.0
2015,Westmeath,3884.0
2015,Wexford,5596.0
2015,Wicklow,6139.0
2016,Cavan,4385.0
2016,Clare,3660.0
2016,Cork,17111.0
2016,Donegal,4496.0
2016,Dublin,7553.0
2016,Galway,7559.0
2016,Kerry,4435.0
2016,Kildare,6572.0
2016,Kilkenny,5184.0
2016,Laois,5582.0
2016,Limerick,9651.0
2016,Louth,5624.0
2016,Mayo,2983.0
2016,Meath,4677.0
2016,Roscommon,2659.0
2016,Sligo,2760.0
2016,Tipperary,4658.0
2016,Waterford,5199.0
2016,Westmeath,4080.0
2016,Wexford,4701.0
2016,Wicklow,5222.0
2017,Cavan,4925.0
2017,Clare,3447.0
2017,Cork,18153.0
2017,Donegal,4522.0
2017,Dublin,8598.0
2017,Galway,8378.0
2017,Kerry,5047.0
2017,Kildare,7744.0
2017,Kilkenny,5349.0
2017,Laois,6175.0
2017,Limerick,10294.0
2017,Louth,6076.0
2017,Mayo,2948.0
2017,Meath,5704.0
2017,Roscommon,2886.0
2017,Sligo,3023.0
2017,Tipperary,5082.0
2017,Waterford,5552.0
2017,Westmeath,4429.0
2017,Wexford,4747.0
2017,Wicklow,5449.0
2018,Cavan,5218.0
2018,Clare,3533.0
2018,Cork,19040.0
2018,Donegal,4399.0
2018,Dublin,9187.0
2018,Galway,7567.0
2018,Kerry,5205.0
2018,Kildare,7333.0
2018,Kilkenny,5183.0
2018,Laois,6133.0
2018,Limerick,10623.0
2018,Louth,6468.0
2018,Mayo,3061.0
2018,Meath,5486.0
2018,Roscommon,2864.0
2018,Sligo,3025.0
2018,Tipperary,5337.0
2018,Waterford,5710.0
2018,Westmeath,4266.0
2018,Wexford,4603.0
2018,Wicklow,4966.0
2019,Cavan,5377.0
2019,Clare,3336.0
2019,Cork,19075.0
2019,Donegal,5213.0
2019,Dublin,10432.0
2019,Galway,7972.0
2019,Kerry,5506.0
2019,Kildare,7909.0
2019,Kilkenny,5025.0
2019,Laois,6324.0
2019,Limerick,9853.0
2019,Louth,6796.0
2019,Mayo,2868.0
2019,Meath,5744.0
2019,Roscommon,3286.0
2019,Sligo,3217.0
2019,Tipperary,5043.0
2019,Waterford,5832.0
2019,Westmeath,4777.0
2019,Wexford,4379.0
2019,Wicklow,5672.0
2020,Cavan,4359.0
2020,Clare,2930.0
2020,Cork,16490.0
2020,Donegal,4132.0
2020,Dublin,5281.0
2020,Galway,7002.0
2020,Kerry,4195.0
2020,Kildare,5970.0
2020,Kilkenny,4231.0
2020,Laois,4993.0
2020,Limerick,9133.0
2020,Louth,6193.0
2020,Mayo,2479.0
2020,Meath,5263.0
2020,Roscommon,2639.0
2020,Sligo,2726.0
2020,Tipperary,4648.0
2020,Waterford,5062.0
2020,Westmeath,2986.0
2020,Wexford,3862.0
2020,Wicklow,4505.0
2021,Cavan,4542.0
2021,Clare,2932.0
2021,Cork,17063.0
2021,Donegal,4312.0
2021,Dublin,6079.0
2021,Galway,7517.0
2021,Kerry,4343.0
2021,Kildare,6760.0
2021,Kilkenny,4169.0
2021,Laois,4963.0
2021,Limerick,9761.0
2021,Louth,6073.0
2021,Mayo,2890.0
2021,Meath,4942.0
2021,Roscommon,2784.0
2021,Sligo,2658.0
2021,Tipperary,4888.0
2021,Waterford,5533.0
2021,Westmeath,3225.0
2021,Wexford,4292.0
2021,Wicklow,4256.0
2022,Cavan,4790.0
2022,Clare,2993.0
2022,Cork,19707.0
2022,Donegal,4595.0
2022,Dublin,8877.0
2022,Galway,8082.0
2022,Kerry,5095.0
2022,Kildare,8094.0
2022,Kilkenny,4509.0
2022,Laois,6175.0
2022,Limerick,9802.0
2022,Louth,6272.0
2022,Mayo,2850.0
2022,Meath,5337.0
2022,Roscommon,2791.0
2022,Sligo,2836.0
2022,Tipperary,5165.0
2022,Waterford,6285.0
2022,Westmeath,4035.0
2022,Wexford,4782.0
2022,Wicklow,4075.0
2023,Cavan,4250.0
2023,Clare,3239.0
2023,Cork,18186.0
2023,Donegal,4506.0
2023,Dublin,9967.0
2023,Galway,8144.0
2023,Kerry,4865.0
2023,Kildare,7956.0
2023,Kilkenny,4453.0
2023,Laois,5655.0
2023,Limerick,9953.0
2023,Louth,6154.0
2023,Mayo,2616.0
2023,Meath,5679.0
2023,Roscommon,2871.0
2023,Sligo,2664.0
2023,Tipperary,5340.0
2023,Waterford,6134.0
2023,Westmeath,4287.0
2023,Wexford,4689.0
2023,Wicklow,3969.0
2024,Cavan,4014.0
2024,Clare,2963.0
2024,Cork,18284.0
2024,Donegal,4479.0
2024,Dublin,9965.0
2024,Galway,7620.0
2024,Kerry,4891.0
2024,Kildare,8243.0
2024,Kilkenny,4377.0
2024,Laois,5673.0
2024,Limerick,9881.0
2024,Louth,6801.0
2024,Mayo,2419.0
2024,Meath,5393.0
2024,Roscommon,2761.0
2024,Sligo,2808.0
2024,Tipperary,5229.0
2024,Waterford,5801.0
2024,Westmeath,4099.0
2024,Wexford,5139.0
2024,Wicklow,4357.0
