year,county,total_incidents,avg_monthly_rent
2008,Cavan,6648.0,583.11375
2008,Clare,6007.0,709.1750000000001
2008,Cork,29480.0,859.0753658536585
2008,Donegal,8876.0,579.49375
2008,Dublin,9754.0,1317.7329299363057
2008,Galway,12981.0,823.4696296296296
2008,Kerry,7045.0,689.15875
2008,Kildare,10775.0,962.54625
2008,Kilkenny,7767.0,798.592857142857
2008,Laois,7362.0,684.758
2008,Limerick,15620.0,775.8392307692308
2008,Louth,9269.0,811.565
2008,Mayo,5118.0,629.9036363636363
2008,Meath,7170.0,932.99875
2008,Roscommon,3832.0,624.41
2008,Sligo,4864.0,614.9
2008,Tipperary,7297.0,668.2366666666667
2008,Waterford,9293.0,685.90625
2008,Westmeath,5480.0,662.7228571428572
2008,Wexford,6738.0,707.92
2008,Wicklow,8696.0,1089.4677777777777
2009,Cavan,6026.0,520.4666666666667
2009,Clare,5470.0,650.0716666666666
2009,Cork,26849.0,793.5641463414635
2009,Donegal,7788.0,549.401111111111
2009,Dublin,8992.0,1193.6820858895705
2009,Galway,12506.0,762.7222222222222
2009,Kerry,6363.0,637.42125
2009,Kildare,10059.0,880.364375
2009,Kilkenny,8463.0,741.5228571428571
2009,Laois,7043.0,622.55
2009,Limerick,15230.0,733.76
2009,Louth,8763.0,738.7825
2009,Mayo,4975.0,606.0136363636364
2009,Meath,7740.0,846.53875
2009,Roscommon,3928.0,558.4185714285715
2009,Sligo,4425.0,582.21
2009,Tipperary,6882.0,630.4608333333333
2009,Waterford,8887.0,631.005
2009,Westmeath,5060.0,609.3985714285715
2009,Wexford,6881.0,668.6966666666667
2009,Wicklow,8867.0,991.7139999999999
2010,Cavan,6025.0,476.56777777777785
2010,Clare,5200.0,581.5866666666667
2010,Cork,24942.0,724.2760975609756
2010,Donegal,6662.0,512.6533333333333
2010,Dublin,8456.0,1077.4
2010,Galway,11436.0,704.8614285714285
2010,Kerry,6738.0,566.9075
2010,Kildare,9541.0,785.9125
2010,Kilkenny,8423.0,672.9471428571429
2010,Laois,6769.0,547.97
2010,Limerick,14660.0,654.6976923076923
2010,Louth,8413.0,663.4225
2010,Mayo,4466.0,558.9372727272728
2010,Meath,7050.0,749.9918749999999
2010,Roscommon,3535.0,508.3128571428571
2010,Sligo,3878.0,594.456
2010,Tipperary,6527.0,582.7775
2010,Waterford,8112.0,582.5144444444445
2010,Westmeath,4977.0,556.6542857142857
2010,Wexford,6172.0,622.5911111111111
2010,Wicklow,8328.0,887.981
2011,Cavan,5686.0,452.0077777777778
2011,Clare,4287.0,545.67
2011,Cork,23813.0,691.9626829268293
2011,Donegal,6331.0,479.56
2011,Dublin,7981.0,1044.6404294478527
2011,Galway,9772.0,685.0803571428571
2011,Kerry,5866.0,528.28
2011,Kildare,9893.0,754.030625
2011,Kilkenny,7816.0,628.7357142857143
2011,Laois,6483.0,507.74399999999997
2011,Limerick,14134.0,629.6515384615385
2011,Louth,7325.0,630.6375
2011,Mayo,4102.0,527.0209090909091
2011,Meath,6812.0,713.605
2011,Roscommon,3358.0,481.0885714285714
2011,Sligo,3700.0,557.9979999999999
2011,Tipperary,5995.0,556.6333333333333
2011,Waterford,7449.0,581.9142105263157
2011,Westmeath,4562.0,532.5385714285715
2011,Wexford,6649.0,596.5177777777777
2011,Wicklow,8114.0,857.6527272727272
2012,Cavan,5176.0,437.00888888888886
2012,Clare,3998.0,530.305
2012,Cork,21865.0,687.3251219512194
2012,Donegal,5361.0,455.6955555555556
2012,Dublin,7846.0,1060.7893865030676
2012,Galway,9615.0,687.7696296296295
2012,Kerry,5496.0,515.67875
2012,Kildare,8863.0,745.309375
2012,Kilkenny,7039.0,623.5142857142857
2012,Laois,6218.0,506.00600000000003
2012,Limerick,12801.0,623.0976923076923
2012,Louth,7296.0,626.66
2012,Mayo,4129.0,511.49363636363637
2012,Meath,6477.0,709.105
2012,Roscommon,3322.0,459.0285714285714
2012,Sligo,3479.0,566.424
2012,Tipperary,5447.0,540.1216666666667
2012,Waterford,7192.0,570.5265
2012,Westmeath,4550.0,517.1957142857143
2012,Wexford,6589.0,571.9366666666667
2012,Wicklow,7411.0,846.5518181818181
2013,Cavan,4319.0,437.1355555555556
2013,Clare,3867.0,527.605
2013,Cork,20463.0,693.2485365853659
2013,Donegal,4857.0,435.72222222222223
2013,Dublin,6968.0,1106.9151533742331
2013,Galway,8600.0,696.2067857142857
2013,Kerry,5121.0,512.765
2013,Kildare,8164.0,757.519375
2013,Kilkenny,6677.0,625.3642857142858
2013,Laois,6555.0,496.26599999999996
2013,Limerick,12221.0,613.9176923076923
2013,Louth,6539.0,624.475
2013,Mayo,3554.0,495.5236363636364
2013,Meath,5830.0,717.213125
2013,Roscommon,3160.0,448.4428571428571
2013,Sligo,3427.0,597.7088888888889
2013,Tipperary,5424.0,535.8316666666666
2013,Waterford,6493.0,557.18
2013,Westmeath,4373.0,512.1871428571429
2013,Wexford,5676.0,569.5511111111111
2013,Wicklow,6731.0,849.0518181818181
2014,Cavan,4273.0,444.06666666666666
2014,Clare,3750.0,534.68
2014,Cork,19652.0,726.599756097561
2014,Donegal,4794.0,431.5
2014,Dublin,7256.0,1197.851049382716
2014,Galway,8592.0,720.5557142857143
2014,Kerry,5140.0,526.39
2014,Kildare,7819.0,812.395625
2014,Kilkenny,6319.0,630.3728571428571
2014,Laois,6392.0,515.068
2014,Limerick,11647.0,627.2099999999999
2014,Louth,6467.0,644.195
2014,Mayo,3242.0,497.0863636363636
2014,Meath,5911.0,757.6225
2014,Roscommon,3020.0,457.2442857142857
2014,Sligo,3238.0,624.094
2014,Tipperary,5214.0,541.0933333333334
2014,Waterford,5961.0,557.6921052631578
2014,Westmeath,4160.0,523.6528571428572
2014,Wexford,5219.0,572.6177777777779
2014,Wicklow,6649.0,896.3318181818181
2015,Cavan,4416.0,468.27666666666664
2015,Clare,3947.0,555.7366666666667
2015,Cork,19099.0,768.1926829268293
2015,Donegal,4683.0,443.7033333333333
2015,Dublin,7657.0,1303.7042592592593
2015,Galway,8527.0,773.0122222222221
2015,Kerry,5384.0,551.64125
2015,Kildare,7323.0,894.016875
2015,Kilkenny,5623.0,674.1357142857142
2015,Laois,6357.0,562.982
2015,Limerick,12088.0,661.5084615384616
2015,Louth,6588.0,690.6324999999999
2015,Mayo,3271.0,505.52000000000004
2015,Meath,5441.0,840.49125
2015,Roscommon,2954.0,466.5485714285714
2015,Sligo,3125.0,936.028
2015,Tipperary,5096.0,550.8466666666667
2015,Waterford,6043.0,583.0626315789474
2015,Westmeath,3884.0,584.0557142857143
2015,Wexford,5596.0,579.2022222222222
2015,Wicklow,6139.0,970.1472727272728
2016,Cavan,4385.0,514.0799999999999
2016,Clare,3660.0,598.25
2016,Cork,17111.0,843.2284999999999
2016,Donegal,4496.0,464.0533333333334
2016,Dublin,7553.0,1406.171717791411
2016,Galway,7559.0,836.7174074074073
2016,Kerry,4435.0,578.30875
2016,Kildare,6572.0,973.900625
2016,Kilkenny,5184.0,731.4571428571428
2016,Laois,5582.0,629.83
2016,Limerick,9651.0,725.03
2016,Louth,5624.0,757.5
2016,Mayo,2983.0,518.2963636363637
2016,Meath,4677.0,938.725
2016,Roscommon,2659.0,481.1228571428572
2016,Sligo,2760.0,678.667
2016,Tipperary,4658.0,570.9533333333334
2016,Waterford,5199.0,623.577
2016,Westmeath,4080.0,619.6314285714286
2016,Wexford,4701.0,610.8144444444445
2016,Wicklow,5222.0,1053.1972727272728
2017,Cavan,4925.0,558.8888888888889
2017,Clare,3447.0,650.65
2017,Cork,18153.0,916.7656097560975
2017,Donegal,4522.0,497.5544444444444
2017,Dublin,8598.0,1517.318282208589
2017,Galway,8378.0,907.1762962962964
2017,Kerry,5047.0,623.4875
2017,Kildare,7744.0,1061.441875
2017,Kilkenny,5349.0,774.7171428571429
2017,Laois,6175.0,694.1600000000001
2017,Limerick,10294.0,806.7061538461538
2017,Louth,6076.0,857.2675
2017,Mayo,2948.0,546.4818181818182
2017,Meath,5704.0,1048.665
2017,Roscommon,2886.0,530.9871428571429
2017,Sligo,3023.0,691.8155555555555
2017,Tipperary,5082.0,606.5258333333333
2017,Waterford,5552.0,681.48
2017,Westmeath,4429.0,679.3342857142858
2017,Wexford,4747.0,664.8222222222222
2017,Wicklow,5449.0,1133.4972727272727
2018,Cavan,5218.0,587.4733333333334
2018,Clare,3533.0,693.4871428571429
2018,Cork,19040.0,987.8948780487806
2018,Donegal,4399.0,524.0244444444445
2018,Dublin,9187.0,1639.3372839506173
2018,Galway,7567.0,1002.2677777777777
2018,Kerry,5205.0,672.27125
2018,Kildare,7333.0,1127.2675
2018,Kilkenny,5183.0,850.5428571428572
2018,Laois,6133.0,754.492
2018,Limerick,10623.0,889.7941666666667
2018,Louth,6468.0,953.6925
2018,Mayo,3061.0,576.9072727272728
2018,Meath,5486.0,1139.46125
2018,Roscommon,2864.0,585.11
2018,Sligo,3025.0,711.895
2018,Tipperary,5337.0,642.11
2018,Waterford,5710.0,758.9536842105264
2018,Westmeath,4266.0,744.6257142857143
2018,Wexford,4603.0,720.3355555555556
2018,Wicklow,4966.0,1212.1527272727274
2019,Cavan,5377.0,629.5688888888889
2019,Clare,3336.0,734.4457142857143
2019,Cork,19075.0,1030.9653658536586
2019,Donegal,5213.0,543.36
2019,Dublin,10432.0,1732.742075471698
2019,Galway,7972.0,1051.3703846153846
2019,Kerry,5506.0,709.895
2019,Kildare,7909.0,1179.11125
2019,Kilkenny,5025.0,880.6883333333334
2019,Laois,6324.0,817.674
2019,Limerick,9853.0,952.6541666666667
2019,Louth,6796.0,1020.7850000000001
2019,Mayo,2868.0,613.6745454545454
2019,Meath,5744.0,1190.25875
2019,Roscommon,3286.0,625.5
2019,Sligo,3217.0,829.915
2019,Tipperary,5043.0,683.5491666666667
2019,Waterford,5832.0,823.5200000000001
2019,Westmeath,4777.0,790.2157142857143
2019,Wexford,4379.0,758.0633333333333
2019,Wicklow,5672.0,1265.851818181818
2020,Cavan,4359.0,660.3622222222223
2020,Clare,2930.0,773.51
2020,Cork,16490.0,1037.948918918919
2020,Donegal,4132.0,559.0688888888889
2020,Dublin,5281.0,1780.5284076433122
2020,Galway,7002.0,1084.0092307692307
2020,Kerry,4195.0,749.2674999999999
2020,Kildare,5970.0,1226.09125
2020,Kilkenny,4231.0,880.4316666666667
2020,Laois,4993.0,849.336
2020,Limerick,9133.0,998.4966666666666
2020,Louth,6193.0,1059.35
2020,Mayo,2479.0,646.7236363636364
2020,Meath,5263.0,1233.625625
2020,Roscommon,2639.0,656.4342857142857
2020,Sligo,2726.0,773.08
2020,Tipperary,4648.0,710.665
2020,Waterford,5062.0,837.915
2020,Westmeath,2986.0,833.8771428571429
2020,Wexford,3862.0,783.6488888888889
2020,Wicklow,4505.0,1307.5872727272726
2021,Cavan,4542.0,688.531111111111
2021,Clare,2932.0,817.4
2021,Cork,17063.0,1071.7920000000001
2021,Donegal,4312.0,585.9877777777779
2021,Dublin,6079.0,1790.1227152317879
2021,Galway,7517.0,1114.892
2021,Kerry,4343.0,788.2262499999999
2021,Kildare,6760.0,1265.915
2021,Kilkenny,4169.0,882.4250000000001
2021,Laois,4963.0,877.4639999999999
2021,Limerick,9761.0,1044.5849999999998
2021,Louth,6073.0,1100.2975000000001
2021,Mayo,2890.0,680.1745454545454
2021,Meath,4942.0,1270.98875
2021,Roscommon,2784.0,699.4242857142857
2021,Sligo,2658.0,810.155
2021,Tipperary,4888.0,739.64
2021,Waterford,5533.0,910.3344444444444
2021,Westmeath,3225.0,873.0942857142857
2021,Wexford,4292.0,822.7066666666666
2021,Wicklow,4256.0,1355.5936363636365
2022,Cavan,4790.0,784.3222222222222
2022,Clare,2993.0,895.5071428571429
2022,Cork,19707.0,1125.1035294117646
2022,Donegal,4595.0,661.5711111111111
2022,Dublin,8877.0,1868.5346721311475
2022,Galway,8082.0,1187.3104347826086
2022,Kerry,5095.0,866.06375
2022,Kildare,8094.0,1322.88125
2022,Kilkenny,4509.0,929.1216666666666
2022,Laois,6175.0,934.24
2022,Limerick,9802.0,1143.5991666666666
2022,Louth,6272.0,1151.755
2022,Mayo,2850.0,758.3290909090908
2022,Meath,5337.0,1315.11125
2022,Roscommon,2791.0,777.5157142857144
2022,Sligo,2836.0,902.855
2022,Tipperary,5165.0,810.2466666666666
2022,Waterford,6285.0,1030.54125
2022,Westmeath,4035.0,942.2014285714286
2022,Wexford,4782.0,902.3188888888889
2022,Wicklow,4075.0,1398.1399999999999
2023,Cavan,4250.0,858.5022222222223
2023,Clare,3239.0,990.6928571428572
2023,Cork,18186.0,1193.8233333333333
2023,Donegal,4506.0,737.798888888889
2023,Dublin,9967.0,1966.001680672269
2023,Galway,8144.0,1226.9673684210527
2023,Kerry,4865.0,942.76
2023,Kildare,7956.0,1415.305625
2023,Kilkenny,4453.0,1048.2559999999999
2023,Laois,5655.0,996.72
2023,Limerick,9953.0,1257.815
2023,Louth,6154.0,1202.885
2023,Mayo,2616.0,839.2854545454545
2023,Meath,5679.0,1413.88875
2023,Roscommon,2871.0,882.1485714285715
2023,Sligo,2664.0,1005.145
2023,Tipperary,5340.0,875.5191666666666
2023,Waterford,6134.0,1121.5664285714286
2023,Westmeath,4287.0,1030.1657142857143
2023,Wexford,4689.0,990.8824999999999
2023,Wicklow,3969.0,1470.204
2024,Cavan,4014.0,964.9877777777778
2024,Clare,2963.0,1142.5985714285714
2024,Cork,18284.0,1306.8348387096773
2024,Donegal,4479.0,816.7855555555556
2024,Dublin,9965.0,2081.4297457627117
2024,Galway,7620.0,1360.9794444444444
2024,Kerry,4891.0,1055.29875
2024,Kildare,8243.0,1508.63875
2024,Kilkenny,4377.0,1128.4233333333334
2024,Laois,5673.0,1109.8700000000001
2024,Limerick,9881.0,1408.3616666666667
2024,Louth,6801.0,1298.53
2024,Mayo,2419.0,949.21
2024,Meath,5393.0,1518.45
2024,Roscommon,2761.0,993.3614285714285
2024,Sligo,2808.0,1111.80875
2024,Tipperary,5229.0,973.7400000000001
2024,Waterford,5801.0,1226.0144444444445
2024,Westmeath,4099.0,1118.8885714285714
2024,Wexford,5139.0,1092.02
2024,Wicklow,4357.0,1678.6169999999997
